ID,Name,Seed,Deprecated,BPI Off,BPI Def,Record W,Record L,Conference W,Conference L,Vs Top 25 W,Vs Top 25 L,Last 10 W,Last 10 L,SOS Rank,SOR Rank,PPG,Opposing PPG,Field Goal Percentage,Three-Point Percentage,Free Throw Percentage
1,Duke,1,,12.9,12.8,32,2,17,1,12,2,10,0,,,82.3,63.1,49,35,72
2,Siena,16,,-1.9,0.1,23,11,13,7,0,0,6,4,,,70.5,65.7,46,30,77
3,Ohio State,8,,9.4,5.5,21,12,12,8,2,8,6,4,,,79.8,72.8,49,36,78
4,TCU,9,,3.6,7.8,22,11,11,7,3,6,8,2,,,78.3,72.1,45,33,71
5,St John's,5,,7.3,10.5,28,6,18,2,2,4,9,1,,,81.6,70,45,33,73
6,Northern Iowa,12,,0.2,7.1,23,12,11,9,0,0,7,3,,,69.9,61.3,48,36,70
7,Kansas,4,,6.1,10.5,23,10,12,6,6,6,5,5,,,75.6,69.4,45,35,77
8,CA Baptist,13,,-1.4,2.9,25,8,13,5,0,1,8,2,,,73,67.6,43,34,72
9,Louisville,6,,10.4,8.7,23,10,11,7,3,6,6,4,,,84.8,72.2,47,36,77
10,South Florida,11,,5.1,5.4,25,8,15,3,0,1,10,0,,,87.7,75.5,44,33,74
11,Michigan St,3,,8,10.4,25,7,15,5,5,4,6,4,,,78.9,68.4,47,36,76
12,N Dakota St,14,,1.2,0.7,27,7,14,2,0,0,8,2,,,80.7,69.6,47,36,72
13,UCLA,7,,8.8,6.4,23,11,13,7,4,6,6,4,,,77.7,71,47,38,77
14,UCF,10,,5.1,5.4,21,11,9,9,3,4,4,6,,,81,78.5,47,36,74
15,UConn,2,,9.1,10.3,29,5,17,3,6,3,7,3,,,77.5,65.1,48,35,72
16,Furman,15,,-0.7,0.6,22,12,10,8,0,0,6,4,,,76.5,70.5,48,33,69
17,Florida,1,,10.9,11.4,26,7,16,2,6,4,9,1,,,86.8,72,48,31,71
18,PV/LEH,16,,,,,,,,,,,,,,,,,,
19,Clemson,8,,5.9,8.7,24,10,12,6,3,5,4,6,,,74.2,66.7,45,34,73
20,Iowa,9,,8.2,6.2,21,12,10,10,1,8,3,7,,,75.2,66,49,36,77
21,Vanderbilt,5,,11.1,7.1,26,8,11,7,4,3,6,4,,,86.3,75.2,48,36,79
22,McNeese,12,,4.4,5,28,5,19,3,0,1,10,0,,,80,66.5,47,32,75
23,Nebraska,4,,6.1,10.9,26,6,15,5,2,4,6,4,,,77.3,66.2,46,35,75
24,Troy,13,,0.4,1.5,22,11,12,6,0,0,7,3,,,80.3,73.1,45,34,74
25,North Carolina,6,,7.7,6.8,24,8,12,6,5,2,6,4,,,79.8,71.3,47,34,68
26,VCU,11,,6.6,5.1,27,7,15,3,0,3,9,1,,,81.6,71.5,46,37,74
27,Illinois,3,,13.1,7.9,24,8,15,5,5,6,5,5,,,84.4,69.8,46,35,79
28,Penn,14,,-1,0.9,18,11,9,5,0,0,9,1,,,76.1,73.3,44,39,69
29,Saint Mary's,7,,6,8.8,27,5,16,2,1,2,8,2,,,78.2,64.6,46,39,80
30,Texas A&M,10,,8.3,5.9,21,11,11,7,0,4,4,6,,,87.7,79.6,46,36,74
31,Houston,2,,10.5,12.6,28,6,14,4,5,6,6,4,,,77.2,62.9,45,35,77
32,Idaho,15,,-0.7,0.1,21,14,9,9,0,0,8,2,,,78.7,72.6,45,36,74
33,Arizona,1,,11.9,11.8,32,2,16,2,12,2,9,1,,,86.2,68.8,50,36,73
34,Long Island,16,,-3.1,-0.2,24,10,15,3,0,2,8,2,,,74.1,71.1,48,36,67
35,Villanova,8,,7.4,6.2,24,8,15,5,0,5,7,3,,,77.2,70.8,46,35,69
36,Utah State,9,,8.6,5.5,28,6,15,5,0,0,7,3,,,82.5,70.3,50,36,71
37,Wisconsin,5,,10,5.7,24,10,14,6,5,4,7,3,,,83,75.9,45,36,79
38,High Point,12,,6.3,2.6,30,4,15,1,0,0,10,0,,,90,70.3,49,36,74
39,Arkansas,4,,11.1,5.9,26,8,13,5,5,6,8,2,,,89.9,80.1,50,39,75
40,Hawai'i,13,,-1.4,4.2,24,8,14,6,0,0,7,3,,,79.6,69.7,46,32,74
41,BYU,6,,10.9,5.8,23,11,9,9,3,7,5,5,,,83.9,75.3,48,35,75
42,TEX/NCSU,11,,,,,,,,,,,,,,,,,,
43,Gonzaga,3,,9.6,11,30,3,16,2,4,1,8,2,,,85.1,66,51,34,70
44,Kennesaw St,14,,1.6,0.9,21,13,10,10,0,1,7,3,,,83.3,76.1,45,35,69
45,Miami,7,,7.7,5.6,25,8,13,5,2,5,7,3,,,81.9,71.2,50,35,68
46,Missouri,10,,7.7,4.3,20,12,10,8,3,6,5,5,,,79.7,75.3,49,35,69
47,Purdue,2,,13.8,6.8,27,8,13,7,6,4,6,4,,,81.7,70.1,50,38,74
48,Queens,15,,3.2,-5,21,13,13,5,0,1,8,2,,,84.9,82.9,48,36,74
49,Michigan,1,,11.7,12.4,31,3,19,1,9,2,8,2,,,86.8,69.2,50,36,75
50,UMBC/HOW,16,,,,,,,,,,,,,,,,,,
51,Georgia,8,,9,5.1,22,10,10,8,2,2,6,4,,,89.8,79.2,47,34,75
52,Saint Louis,9,,7.5,6.3,28,5,15,3,0,0,6,4,,,87.2,69.5,51,40,74
53,Texas Tech,5,,10,6.6,22,10,12,6,5,6,6,4,,,80.4,72.6,47,39,72
54,Akron,12,,5.6,2.1,29,5,17,1,0,1,10,0,,,88.3,73.5,50,38,75
55,Alabama,4,,12.3,5.5,23,9,13,5,4,5,8,2,,,91.7,83.5,46,36,76
56,Hofstra,13,,1.5,3.1,24,10,12,6,0,0,9,1,,,75.6,66.1,44,37,75
57,Tennessee,6,,8.7,10.2,22,11,11,7,4,5,6,4,,,79.5,69.4,46,33,69
58,M-OH/SMU,11,,,,,,,,,,,,,,,,,,
59,Virginia,3,,8.5,8.2,29,5,15,3,1,3,8,2,,,80.7,68.4,46,36,73
60,Wright St,14,,1.4,0.1,23,11,15,5,0,0,8,2,,,80.7,73.4,49,36,74
61,Kentucky,7,,8.9,7.6,21,13,10,8,5,9,4,6,,,80.8,73.8,46,34,73
62,Santa Clara,10,,7,3.8,26,8,15,3,1,3,7,3,,,82.8,72.4,47,35,74
63,Iowa State,2,,10.1,11.4,27,7,12,6,5,4,6,4,,,81.8,65.2,49,39,67
64,Tennessee St,15,,-2,-0.6,23,9,15,5,6,4,9,1,,,80.5,73.3,46,33,76
